<?xml version="1.0" encoding="UTF-8" ?>
<odoo noupdate="1">
    <record id="cron_share_clean" model="ir.cron">
        <field name="name">Clean outgoing share</field>
        <field name="model_id" ref="model_vault_share" />
        <field name="state">code</field>
        <field name="code">model.clean()</field>
        <field name="interval_number">1</field>
        <field name="interval_type">minutes</field>
        <field name="numbercall">-1</field>
        <field name="active" eval="True" />
    </record>
</odoo>
